-0.19941,10,0,-0.95189
-0.20186,10,0,-0.97491
-0.19942,10,0,-0.87831
-0.19698,10,0,-0.81864
-0.19453,10,0,-0.76636
-0.19209,10,0,-0.72716
-0.18965,10,0,-0.68766
-0.18721,10,0,-0.64817
-0.18477,10,0,-0.6172
-0.18233,10,0,-0.58538
-0.17988,10,0,-0.55526
-0.17744,10,0,-0.52685
-0.175,10,0,-0.50213
-0.17256,10,0,-0.47486
-0.17012,10,0,-0.449
-0.16768,10,0,-0.42068
-0.16524,10,0,-0.39781
-0.1628,10,0,-0.37405
-0.16035,10,0,-0.34953
-0.15791,10,0,-0.32624
-0.15547,10,0,-0.30757
-0.15303,10,0,-0.28433
-0.15059,10,0,-0.26041
-0.14815,10,0,-0.23972
-0.14571,10,0,-0.22276
-0.14326,10,0,-0.20168
-0.14082,10,0,-0.18287
-0.13838,10,0,-0.16224
-0.13594,10,0,-0.1467
-0.1335,10,0,-0.12732
-0.13106,10,0,-0.11161
-0.12862,10,0,-0.0932
-0.12617,10,0,-0.07704
-0.12373,10,0,-0.05939
-0.12129,10,0,-0.04408
-0.11885,10,0,-0.02891
-0.11641,10,0,-0.01322
-0.11397,10,0,3.47E-04
-0.11153,10,0,1.42E-02
-0.10908,10,0,0.03113
-0.10664,10,0,0.04507
-0.1042,10,0,0.05911
-0.10176,10,0,0.07312
-0.09932,10,0,0.08688
-0.09688,10,0,0.09989
-0.09444,10,0,0.11355
-0.09199,10,0,0.12529
-0.08955,10,0,0.13782
-0.08711,10,0,0.14986
-0.08467,10,0,0.16233
-0.08223,10,0,0.17322
-0.07979,10,0,0.18589
-0.07735,10,0,0.19845
-0.0749,10,0,0.20765
-0.07246,10,0,0.21868
-0.07002,10,0,0.23027
-0.06758,10,0,0.23916
-0.06514,10,0,0.2493
-0.0627,10,0,0.25948
-0.06026,10,0,0.27027
-0.05781,10,0,0.28061
-0.05537,10,0,0.29121
-0.05293,10,0,0.30062
-0.05049,10,0,0.31016
-0.04805,10,0,0.31928
-0.04561,10,0,0.32979
-0.04317,10,0,0.34051
-0.04072,10,0,0.34786
-0.03828,10,0,0.35568
-0.03584,10,0,0.36406
-0.0334,10,0,0.37335
-0.03096,10,0,0.38204
-0.02852,10,0,0.38932
-0.02608,10,0,0.39753
-0.02364,10,0,0.40577
-0.02119,10,0,0.41406
-0.01875,10,0,0.42182
-0.01631,10,0,0.42818
-0.01387,10,0,0.43554
-0.01143,10,0,0.44387
-0.00899,10,0,0.45287
-0.00655,10,0,0.46009
-0.0041,10,0,0.46969
-0.00166,10,0,0.47617
7.79E-04,10,1,0.48333
3.22E-03,10,1,0.48887
0.00566,10,1,0.49845
0.0081,10,1,0.51007
0.01054,10,1,0.51473
0.01299,10,1,0.51944
0.01543,10,1,0.52478
0.01787,10,1,0.53481
0.02031,10,1,0.54484
0.02275,10,1,0.5495
0.02519,10,1,0.55254
0.02763,10,1,0.5597
0.03008,10,1,0.5672
0.03252,10,1,0.57544
0.03496,10,1,0.58198
0.0374,10,1,0.58476
0.03984,10,1,0.59286
0.04228,10,1,0.59797
0.04472,10,1,0.60394
0.04717,10,1,0.61275
0.04961,10,1,0.61843
0.05205,10,1,0.62525
0.05449,10,1,0.63292
0.05693,10,1,0.64201
0.05937,10,1,0.6494
0.06181,10,1,0.65736
0.06426,10,1,0.66247
0.0667,10,1,0.66616
0.06914,10,1,0.67412
0.07158,10,1,0.68151
0.07402,10,1,0.68918
0.07646,10,1,0.69457
0.0789,10,1,0.69656
0.08135,10,1,0.70281
0.08379,10,1,0.71134
0.08623,10,1,0.71844
0.08867,10,1,0.72327
0.09111,10,1,0.72838
0.09355,10,1,0.73151
0.09599,10,1,0.73804
0.09844,10,1,0.74628
0.10088,10,1,0.74941
0.10332,10,1,0.75594
0.10576,10,1,0.76731
0.1082,10,1,0.76987
0.11064,10,1,0.77668
0.11308,10,1,0.78379
0.11553,10,1,0.78634
0.11797,10,1,0.79572
0.12041,10,1,0.79856
0.12285,10,1,0.80453
0.12529,10,1,0.81248
0.12773,10,1,0.81845
0.13017,10,1,0.82498
0.13262,10,1,0.82641
0.13506,10,1,0.83408
0.1375,10,1,0.83777
0.13994,10,1,0.84516
0.14238,10,1,0.84715
0.14482,10,1,0.85539
0.14726,10,1,0.86078
0.14971,10,1,0.87101
0.15215,10,1,0.87868
0.15459,10,1,0.88692
1.57E-01,10,1,0.89346
0.15947,10,1,0.89971
0.16191,10,1,0.90795
0.16435,10,1,0.91675
0.1668,10,1,0.92471
0.16924,10,1,0.93153
0.17168,10,1,0.93579
0.17412,10,1,0.94318
0.17656,10,1,0.94829
0.179,10,1,0.95681
0.18144,10,1,0.96335
0.18388,10,1,0.9713
0.18633,10,1,0.97784
0.18877,10,1,0.98437
0.19121,10,1,0.99659
0.19365,10,1,1.01
0.19609,10,1,1.01
0.19853,10,1,1.02
0.20097,10,1,1.03
0.20342,10,1,1.04
0.20586,10,1,1.04
0.2083,10,1,1.05
0.21074,10,1,1.06
0.21318,10,1,1.07
0.21562,10,1,1.08
0.21806,10,1,1.08
0.22051,10,1,1.09
2.23E-01,10,1,1.1
2.25E-01,10,1,1.11
0.22783,10,1,1.12
0.23027,10,1,1.13
0.23271,10,1,1.14
0.23515,10,1,1.15
0.2376,10,1,1.16
0.24004,10,1,1.17
0.24248,10,1,1.18
0.24492,10,1,1.19
0.24736,10,1,1.2
0.2498,10,1,1.21
0.25224,10,1,1.22
0.25468,10,1,1.23
0.25713,10,1,1.24
0.25957,10,1,1.25
0.26201,10,1,1.26
0.26445,10,1,1.27
0.26689,10,1,1.28
0.26933,10,1,1.29
0.27177,10,1,1.29
0.27422,10,1,1.3
0.27666,10,1,1.32
0.2791,10,1,1.33
0.28154,10,1,1.34
0.28398,10,1,1.35
0.28642,10,1,1.36
0.28886,10,1,1.37
0.29131,10,1,1.38
0.29375,10,1,1.39
0.29619,10,1,1.4
0.29863,10,1,1.41
0.30107,10,1,1.42
0.30351,10,1,1.43
0.30595,10,1,1.44
0.3084,10,1,1.46
0.31084,10,1,1.47
0.31328,10,1,1.48
0.31572,10,1,1.5
0.31816,10,1,1.51
0.3206,10,1,1.52
0.32305,10,1,1.53
0.32549,10,1,1.55
0.32793,10,1,1.56
0.33037,10,1,1.57
0.33281,10,1,1.59
0.33525,10,1,1.6
0.33769,10,1,1.61
0.34013,10,1,1.63
0.34258,10,1,1.64
0.34502,10,1,1.66
0.34746,10,1,1.67
0.3499,10,1,1.69
0.35234,10,1,1.7
0.35478,10,1,1.72
0.35722,10,1,1.73
0.35967,10,1,1.75
0.36211,10,1,1.76
0.36455,10,1,1.78
0.36699,10,1,1.8
0.36943,10,1,1.81
0.37187,10,1,1.83
0.37431,10,1,1.84
0.37676,10,1,1.86
0.3792,10,1,1.88
0.38164,10,1,1.89
0.38408,10,1,1.91
0.38652,10,1,1.93
0.38896,10,1,1.95
0.3914,10,1,1.96
0.39385,10,1,1.98
0.39629,10,1,2
0.39873,10,1,2.02
0.40117,10,1,2.04
0.39873,10,1,1.84
0.39629,10,1,1.69
0.39385,10,1,1.57
0.3914,10,1,1.47
0.38896,10,1,1.38
0.38652,10,1,1.3
0.38408,10,1,1.23
0.38164,10,1,1.16
0.3792,10,1,1.1
0.37676,10,1,1.04
0.37431,10,1,0.99517
0.37187,10,1,0.94261
0.36943,10,1,0.89488
0.36699,10,1,0.848
0.36455,10,1,0.80254
0.36211,10,1,0.76248
0.35967,10,1,0.72583
0.35722,10,1,0.68491
0.35478,10,1,0.64855
0.35234,10,1,0.61502
0.3499,10,1,0.58007
0.34746,10,1,0.54882
0.34502,10,1,0.51785
0.34258,10,1,0.48972
0.34013,10,1,0.46222
0.33769,10,1,0.43367
0.33525,10,1,0.40699
0.33281,10,1,0.37764
0.33037,10,1,0.35386
0.32793,10,1,0.32934
0.32549,10,1,0.30459
0.32305,10,1,0.28175
0.3206,10,1,0.26064
0.31816,10,1,0.23612
0.31572,10,1,0.21504
0.31328,10,1,0.19387
0.31084,10,1,0.17276
0.3084,10,1,0.15302
0.30595,10,1,0.13321
0.30351,10,1,0.11369
0.30107,10,1,0.0954
0.29863,10,1,0.07778
0.29619,10,1,0.064
0.29375,10,1,0.04343
0.29131,10,1,0.02584
0.28886,10,1,0.00969
0.28642,10,1,-0.00609
0.28398,10,1,-0.02155
0.28154,10,1,-0.03673
0.2791,10,1,-0.05354
0.27666,10,1,-0.06817
0.27422,10,1,-0.08263
0.27177,10,1,-0.09704
0.26933,10,1,-0.11207
0.26689,10,1,-0.12556
0.26445,10,1,-0.13778
0.26201,10,1,-0.1511
0.25957,10,1,-0.16446
0.25713,10,1,-0.17364
0.25468,10,1,-0.18753
0.25224,10,1,-0.19921
0.2498,10,1,-0.21102
0.24736,10,1,-0.22199
0.24492,10,1,-0.23302
0.24248,10,1,-0.24134
0.24004,10,1,-0.25316
0.2376,10,1,-0.26322
0.23515,10,1,-0.2722
0.23271,10,1,-0.28237
0.23027,10,1,-0.29152
0.22783,10,1,-0.30121
0.22539,10,1,-0.30967
0.22295,10,1,-0.31805
0.22051,10,1,-0.32703
0.21806,10,1,-0.33465
0.21562,10,1,-0.34442
0.21318,10,1,-0.35127
0.21074,10,1,-0.35934
0.2083,10,1,-0.36868
0.20586,10,1,-0.37562
0.20342,10,1,-0.38113
0.20097,10,1,-0.38883
0.19853,10,1,-0.39604
0.19609,10,1,-0.40357
0.19365,10,1,-0.41031
0.19121,10,1,-0.41622
0.18877,10,1,-0.42312
0.18633,10,1,-0.42903
0.18388,10,1,-0.43588
0.18144,10,1,-0.44028
0.179,10,1,-0.44505
0.17656,10,1,-0.45284
0.17412,10,1,-0.45875
0.17168,10,1,-0.4652
0.16924,10,1,-0.47034
0.1668,10,1,-0.47554
0.16435,10,1,-0.47886
0.16191,10,1,-0.48656
0.15947,10,1,-0.49196
0.15703,10,1,-0.49696
0.15459,10,1,-0.5012
0.15215,10,1,-0.50688
0.14971,10,1,-0.51137
0.14726,10,1,-0.51603
0.14482,10,1,-0.52174
0.14238,10,1,-0.52768
0.13994,10,1,-0.53211
0.1375,10,1,-0.53765
0.13506,10,1,-0.54163
0.13262,10,1,-0.54646
0.13017,10,1,-0.55157
0.12773,10,1,-0.55413
0.12529,10,1,-0.55754
0.12285,10,1,-0.56578
0.12041,10,1,-0.5672
0.11797,10,1,-0.57146
0.11553,10,1,-0.57629
0.11308,10,1,-0.58027
0.11064,10,1,-0.58623
0.1082,10,1,-0.59049
0.10576,10,1,-0.59447
0.10332,10,1,-0.59817
0.10088,10,1,-0.60243
0.09844,10,1,-0.60896
0.09599,10,1,-0.60982
0.09355,10,1,-0.6155
0.09111,10,1,-0.61948
0.08867,10,1,-0.62572
0.08623,10,1,-0.63055
0.08379,10,1,-0.63908
0.08135,10,1,-0.64022
0.0789,10,1,-0.64277
0.07646,10,1,-0.64675
0.07402,10,1,-0.64846
0.07158,10,1,-0.65471
0.06914,10,1,-0.65982
0.0667,10,1,-0.6655
0.06426,10,1,-0.66721
0.06181,10,1,-0.67005
0.05937,10,1,-0.678
0.05693,10,1,-0.68227
0.05449,10,1,-0.68482
0.05205,10,1,-0.68994
0.04961,10,1,-0.69562
0.04717,10,1,-0.69619
0.04472,10,1,-0.70443
0.04228,10,1,-0.70812
0.03984,10,1,-0.71039
0.0374,10,1,-0.71721
0.03496,10,1,-0.72119
0.03252,10,1,-0.72602
0.03008,10,1,-0.72744
0.02763,10,1,-0.73113
0.02519,10,1,-0.73369
0.02275,10,1,-0.73398
0.02031,10,1,-0.73881
0.01787,10,1,-0.74307
0.01543,10,1,-0.74704
0.01299,10,1,-0.75472
0.01054,10,1,-0.75983
0.0081,10,1,-0.76267
0.00566,10,1,-0.76494
0.00322,10,1,-0.76779
7.79E-04,10,1,-0.77063
-1.66E-03,10,0,-0.77915
-0.0041,10,0,-0.78455
-0.00655,10,0,-0.78654
-0.00899,10,0,-0.79307
-0.01143,10,0,-0.79676
-0.01387,10,0,-0.80444
-0.01631,10,0,-0.80728
-0.01875,10,0,-0.8104
-0.02119,10,0,-0.81182
-0.02364,10,0,-0.81438
-0.02608,10,0,-0.81949
-0.02852,10,0,-0.82574
-0.03096,10,0,-0.83029
-0.0334,10,0,-0.83626
-0.03584,10,0,-0.84052
-0.03828,10,0,-0.8462
-0.04072,10,0,-0.84705
-0.04317,10,0,-0.84847
-0.04561,10,0,-0.85387
-0.04805,10,0,-0.85785
-0.05049,10,0,-0.85955
-0.05293,10,0,-0.86581
-0.05537,10,0,-0.86495
-0.05781,10,0,-0.8695
-0.06026,10,0,-0.87348
-0.0627,10,0,-0.87404
-0.06514,10,0,-0.87859
-0.06758,10,0,-0.88456
-0.07002,10,0,-0.88484
-0.07246,10,0,-0.89223
-0.0749,10,0,-0.9016
-0.07735,10,0,-0.90586
-0.07979,10,0,-0.90956
-0.08223,10,0,-0.90956
-0.08467,10,0,-0.91467
-0.08711,10,0,-0.9178
-0.08955,10,0,-0.9178
-0.09199,10,0,-0.92206
-0.09444,10,0,-0.92633
-0.09688,10,0,-0.934
-0.09932,10,0,-0.93797
-0.10176,10,0,-0.94536
-0.1042,10,0,-0.94991
-0.10664,10,0,-0.95303
-0.10908,10,0,-0.95218
-0.11153,10,0,-0.95445
-0.11397,10,0,-0.96127
-0.11641,10,0,-0.96156
-0.11885,10,0,-0.96667
-0.12129,10,0,-0.9715
-0.12373,10,0,-0.97547
-0.12617,10,0,-0.9823
-0.12862,10,0,-0.98485
-0.13106,10,0,-0.98542
-0.1335,10,0,-0.99508
-0.13594,10,0,-0.99735
-0.13838,10,0,-1
-0.14082,10,0,-1.01
-0.14326,10,0,-1.01
-0.14571,10,0,-1.01
-0.14815,10,0,-1.01
-0.15059,10,0,-1.02
-0.15303,10,0,-1.03
-0.15547,10,0,-1.02
-0.15791,10,0,-1.03
-0.16035,10,0,-1.03
-0.1628,10,0,-1.04
-0.16524,10,0,-1.04
-0.16768,10,0,-1.04
-0.17012,10,0,-1.04
-0.17256,10,0,-1.05
-0.175,10,0,-1.06
-0.17744,10,0,-1.06
-0.17988,10,0,-1.07
-0.18233,10,0,-1.07
-0.18477,10,0,-1.08
-0.18721,10,0,-1.08
-0.18965,10,0,-1.09
-0.19209,10,0,-1.09
-0.19453,10,0,-1.1
-0.19698,10,0,-1.11
-0.19941,20,0,-1.6
-0.20185,20,0,-1.64
-0.19941,20,0,-1.48
-0.19697,20,0,-1.38
-0.19453,20,0,-1.29
-0.19209,20,0,-1.22
-0.18965,20,0,-1.16
-0.18721,20,0,-1.09
-0.18476,20,0,-1.04
-0.18232,20,0,-0.98327
-0.17988,20,0,-0.93255
-0.17744,20,0,-0.8847
-0.175,20,0,-0.84307
-0.17256,20,0,-0.79713
-0.17011,20,0,-0.75358
-0.16767,20,0,-0.70588
-0.16523,20,0,-0.66736
-0.16279,20,0,-0.62735
-0.16035,20,0,-0.58606
-0.15791,20,0,-0.54682
-0.15547,20,0,-0.51538
-0.15303,20,0,-0.47624
-0.15058,20,0,-0.43595
-0.14814,20,0,-0.40111
-0.1457,20,0,-0.37254
-0.14326,20,0,-0.33704
-0.14082,20,0,-0.30536
-0.13838,20,0,-0.27062
-0.13594,20,0,-0.24444
-0.13349,20,0,-0.21181
-0.13105,20,0,-0.18535
-0.12861,20,0,-0.15434
-0.12617,20,0,-0.12711
-0.12373,20,0,-0.0974
-0.12129,20,0,-0.0716
-0.11885,20,0,-0.04605
-0.1164,20,0,-0.01964
-0.11396,20,0,0.00322
-0.11152,20,0,0.02653
-0.10908,20,0,0.05507
-0.10664,20,0,0.07854
-0.1042,20,0,0.10218
-0.10176,20,0,0.12577
-0.09931,20,0,0.14896
-0.09687,20,0,0.17086
-0.09443,20,0,0.19388
-0.09199,20,0,0.21364
-0.08955,20,0,0.23474
-0.08711,20,0,0.25503
-0.08467,20,0,0.27604
-0.08222,20,0,0.29436
-0.07978,20,0,0.31571
-0.07734,20,0,0.33686
-0.0749,20,0,0.35236
-0.07246,20,0,0.37093
-0.07002,20,0,0.39045
-0.06758,20,0,0.40543
-0.06513,20,0,0.42251
-0.06269,20,0,0.43964
-0.06025,20,0,0.45783
-0.05781,20,0,0.47524
-0.05537,20,0,0.49309
-0.05293,20,0,0.50893
-0.05049,20,0,0.52501
-0.04805,20,0,0.54037
-0.0456,20,0,0.55807
-0.04316,20,0,0.57611
-0.04072,20,0,0.58851
-0.03828,20,0,0.60167
-0.03584,20,0,0.61578
-0.0334,20,0,0.63143
-0.03096,20,0,0.64607
-0.02851,20,0,0.65832
-0.02607,20,0,0.67215
-0.02363,20,0,0.68603
-0.02119,20,0,0.7
-0.01875,20,0,0.71306
-0.01631,20,0,0.72378
-0.01387,20,0,0.73618
-0.01142,20,0,0.7502
-0.00898,20,0,0.76537
-0.00654,20,0,0.77752
-0.0041,20,0,0.7937
-0.00166,20,0,0.80461
7.83E-04,20,1,0.81666
3.22E-03,20,1,0.826
0.00567,20,1,0.84212
0.00811,20,1,0.86169
0.01055,20,1,0.86954
0.01299,20,1,0.87748
0.01543,20,1,0.88648
0.01787,20,1,0.90337
0.02031,20,1,0.92026
0.02276,20,1,0.92811
0.0252,20,1,0.93323
0.02764,20,1,0.94529
0.03008,20,1,0.95792
0.03252,20,1,0.9718
0.03496,20,1,0.98281
0.0374,20,1,0.9875
0.03985,20,1,1
0.04229,20,1,1.01
0.04473,20,1,1.02
0.04717,20,1,1.03
0.04961,20,1,1.04
0.05205,20,1,1.06
0.05449,20,1,1.07
0.05694,20,1,1.08
0.05938,20,1,1.1
0.06182,20,1,1.11
0.06426,20,1,1.12
0.0667,20,1,1.12
0.06914,20,1,1.14
0.07158,20,1,1.15
0.07403,20,1,1.16
0.07647,20,1,1.17
0.07891,20,1,1.18
0.08135,20,1,1.19
0.08379,20,1,1.2
0.08623,20,1,1.21
0.08867,20,1,1.22
0.09112,20,1,1.23
0.09356,20,1,1.23
0.096,20,1,1.25
0.09844,20,1,1.26
0.10088,20,1,1.26
0.10332,20,1,1.28
0.10576,20,1,1.29
0.10821,20,1,1.3
0.11065,20,1,1.31
0.11309,20,1,1.32
0.11553,20,1,1.33
0.11797,20,1,1.34
0.12041,20,1,1.35
0.12285,20,1,1.36
0.12529,20,1,1.37
0.12774,20,1,1.38
0.13018,20,1,1.39
0.13262,20,1,1.39
0.13506,20,1,1.41
0.1375,20,1,1.41
0.13994,20,1,1.43
0.14239,20,1,1.43
0.14483,20,1,1.44
0.14727,20,1,1.45
0.14971,20,1,1.47
0.15215,20,1,1.48
0.15459,20,1,1.5
1.57E-01,20,1,1.51
0.15947,20,1,1.52
0.16192,20,1,1.53
0.16436,20,1,1.55
0.1668,20,1,1.56
0.16924,20,1,1.57
0.17168,20,1,1.58
0.17412,20,1,1.59
0.17656,20,1,1.6
0.17901,20,1,1.61
0.18145,20,1,1.63
0.18389,20,1,1.64
0.18633,20,1,1.65
0.18877,20,1,1.66
0.19121,20,1,1.68
0.19365,20,1,1.7
0.19609,20,1,1.71
0.19854,20,1,1.72
0.20098,20,1,1.73
0.20342,20,1,1.75
0.20586,20,1,1.76
0.2083,20,1,1.77
0.21074,20,1,1.79
0.21319,20,1,1.81
0.21563,20,1,1.82
0.21807,20,1,1.83
0.22051,20,1,1.85
2.23E-01,20,1,1.86
2.25E-01,20,1,1.88
0.22783,20,1,1.9
0.23028,20,1,1.91
0.23272,20,1,1.92
0.23516,20,1,1.93
0.2376,20,1,1.95
0.24004,20,1,1.97
0.24248,20,1,1.98
0.24492,20,1,2
0.24737,20,1,2.02
0.24981,20,1,2.04
0.25225,20,1,2.05
0.25469,20,1,2.07
0.25713,20,1,2.09
0.25957,20,1,2.1
0.26201,20,1,2.12
0.26446,20,1,2.14
0.2669,20,1,2.16
0.26934,20,1,2.17
0.27178,20,1,2.18
0.27422,20,1,2.2
0.27666,20,1,2.22
0.2791,20,1,2.24
0.28154,20,1,2.26
0.28399,20,1,2.27
0.28643,20,1,2.29
0.28887,20,1,2.3
0.29131,20,1,2.33
0.29375,20,1,2.34
0.29619,20,1,2.36
0.29863,20,1,2.38
0.30108,20,1,2.4
0.30352,20,1,2.41
0.30596,20,1,2.43
0.3084,20,1,2.46
0.31084,20,1,2.48
0.31328,20,1,2.5
0.31572,20,1,2.52
0.31817,20,1,2.55
0.32061,20,1,2.57
0.32305,20,1,2.58
0.32549,20,1,2.61
0.32793,20,1,2.63
0.33037,20,1,2.65
0.33281,20,1,2.67
0.33526,20,1,2.7
0.3377,20,1,2.72
0.34014,20,1,2.75
0.34258,20,1,2.77
0.34502,20,1,2.8
0.34746,20,1,2.82
0.3499,20,1,2.85
0.35235,20,1,2.87
0.35479,20,1,2.89
0.35723,20,1,2.92
0.35967,20,1,2.95
0.36211,20,1,2.97
0.36455,20,1,3
0.36699,20,1,3.03
0.36944,20,1,3.05
0.37188,20,1,3.08
0.37432,20,1,3.11
0.37676,20,1,3.14
0.3792,20,1,3.17
0.38164,20,1,3.19
0.38408,20,1,3.22
0.38653,20,1,3.25
0.38897,20,1,3.28
0.39141,20,1,3.31
0.39385,20,1,3.34
0.39629,20,1,3.38
0.39873,20,1,3.41
0.40117,20,1,3.43
0.39873,20,1,3.1
0.39629,20,1,2.85
0.39385,20,1,2.65
0.39141,20,1,2.48
0.38897,20,1,2.33
0.38653,20,1,2.2
0.38408,20,1,2.07
0.38164,20,1,1.96
0.3792,20,1,1.86
0.37676,20,1,1.76
0.37432,20,1,1.68
0.37188,20,1,1.59
0.36944,20,1,1.51
0.36699,20,1,1.43
0.36455,20,1,1.35
0.36211,20,1,1.29
0.35967,20,1,1.23
0.35723,20,1,1.16
0.35479,20,1,1.09
0.35235,20,1,1.04
0.3499,20,1,0.9796
0.34746,20,1,0.92696
0.34502,20,1,0.8748
0.34258,20,1,0.82743
0.34014,20,1,0.78111
0.3377,20,1,0.73302
0.33526,20,1,0.68809
0.33281,20,1,0.63866
0.33037,20,1,0.5986
0.32793,20,1,0.55731
0.32549,20,1,0.51563
0.32305,20,1,0.47716
0.32061,20,1,0.4416
0.31817,20,1,0.40031
0.31572,20,1,0.3648
0.31328,20,1,0.32915
0.31084,20,1,0.2936
0.3084,20,1,0.26034
0.30596,20,1,0.22699
0.30352,20,1,0.19412
0.30108,20,1,0.1633
0.29863,20,1,0.13363
0.29619,20,1,0.11042
0.29375,20,1,0.07578
0.29131,20,1,0.04616
0.28887,20,1,0.01895
0.28643,20,1,-0.00763
0.28399,20,1,-0.03366
0.28154,20,1,-0.05923
0.2791,20,1,-0.08754
0.27666,20,1,-0.11218
0.27422,20,1,-0.13654
0.27178,20,1,-0.1608
0.26934,20,1,-0.18611
0.2669,20,1,-0.20884
0.26446,20,1,-0.22942
0.26201,20,1,-0.25186
0.25957,20,1,-0.27435
0.25713,20,1,-0.28981
0.25469,20,1,-0.31321
0.25225,20,1,-0.33287
0.24981,20,1,-0.35278
0.24737,20,1,-0.37125
0.24492,20,1,-0.38982
0.24248,20,1,-0.40384
0.24004,20,1,-0.42374
0.2376,20,1,-0.44068
0.23516,20,1,-0.45581
0.23272,20,1,-0.47294
0.23028,20,1,-0.48834
0.22783,20,1,-0.50466
0.22539,20,1,-0.51892
0.22295,20,1,-0.53304
0.22051,20,1,-0.54816
0.21807,20,1,-0.56098
0.21563,20,1,-0.57744
0.21319,20,1,-0.58898
0.21074,20,1,-0.60257
0.2083,20,1,-0.61831
0.20586,20,1,-0.62999
0.20342,20,1,-0.63927
0.20098,20,1,-0.65224
0.19854,20,1,-0.66439
0.19609,20,1,-0.67707
0.19365,20,1,-0.68841
0.19121,20,1,-0.69836
0.18877,20,1,-0.70999
0.18633,20,1,-0.71995
0.18389,20,1,-0.73148
0.18145,20,1,-0.73889
0.17901,20,1,-0.74693
0.17656,20,1,-0.76004
0.17412,20,1,-0.77
0.17168,20,1,-0.78086
0.16924,20,1,-0.78952
0.1668,20,1,-0.79828
0.16436,20,1,-0.80388
0.16192,20,1,-0.81685
0.15947,20,1,-0.82594
0.15703,20,1,-0.83436
0.15459,20,1,-0.84149
0.15215,20,1,-0.85106
0.14971,20,1,-0.85862
0.14727,20,1,-0.86647
0.14483,20,1,-0.87608
0.14239,20,1,-0.88609
0.13994,20,1,-0.89355
0.1375,20,1,-0.90288
0.13506,20,1,-0.90958
0.13262,20,1,-0.91772
0.13018,20,1,-0.92633
0.12774,20,1,-0.93064
0.12529,20,1,-0.93638
0.12285,20,1,-0.95025
0.12041,20,1,-0.95265
0.11797,20,1,-0.95983
0.11553,20,1,-0.96796
0.11309,20,1,-0.97466
0.11065,20,1,-0.98471
0.10821,20,1,-0.99189
0.10576,20,1,-0.99858
0.10332,20,1,-1
0.10088,20,1,-1.01
0.09844,20,1,-1.02
0.096,20,1,-1.02
0.09356,20,1,-1.03
0.09112,20,1,-1.04
0.08867,20,1,-1.05
0.08623,20,1,-1.06
0.08379,20,1,-1.07
0.08135,20,1,-1.08
0.07891,20,1,-1.08
0.07647,20,1,-1.09
0.07403,20,1,-1.09
0.07158,20,1,-1.1
0.06914,20,1,-1.11
0.0667,20,1,-1.12
0.06426,20,1,-1.12
0.06182,20,1,-1.13
0.05938,20,1,-1.14
0.05694,20,1,-1.15
0.05449,20,1,-1.15
0.05205,20,1,-1.16
0.04961,20,1,-1.17
0.04717,20,1,-1.17
0.04473,20,1,-1.18
0.04229,20,1,-1.19
0.03985,20,1,-1.19
0.0374,20,1,-1.21
0.03496,20,1,-1.21
0.03252,20,1,-1.22
0.03008,20,1,-1.22
0.02764,20,1,-1.23
0.0252,20,1,-1.23
0.02276,20,1,-1.23
0.02031,20,1,-1.24
0.01787,20,1,-1.25
0.01543,20,1,-1.26
0.01299,20,1,-1.27
0.01055,20,1,-1.28
0.00811,20,1,-1.28
0.00567,20,1,-1.29
0.00322,20,1,-1.29
7.83E-04,20,1,-1.3
-1.66E-03,20,0,-1.31
-0.0041,20,0,-1.32
-0.00654,20,0,-1.32
-0.00898,20,0,-1.33
-0.01142,20,0,-1.34
-0.01387,20,0,-1.35
-0.01631,20,0,-1.36
-0.01875,20,0,-1.36
-0.02119,20,0,-1.36
-0.02363,20,0,-1.37
-0.02607,20,0,-1.38
-0.02851,20,0,-1.39
-0.03096,20,0,-1.4
-0.0334,20,0,-1.41
-0.03584,20,0,-1.41
-0.03828,20,0,-1.42
-0.04072,20,0,-1.42
-0.04316,20,0,-1.43
-0.0456,20,0,-1.44
-0.04805,20,0,-1.44
-0.05049,20,0,-1.45
-0.05293,20,0,-1.46
-0.05537,20,0,-1.45
-0.05781,20,0,-1.46
-0.06025,20,0,-1.47
-0.06269,20,0,-1.47
-0.06513,20,0,-1.48
-0.06758,20,0,-1.49
-0.07002,20,0,-1.49
-0.07246,20,0,-1.5
-0.0749,20,0,-1.52
-0.07734,20,0,-1.52
-0.07978,20,0,-1.53
-0.08222,20,0,-1.53
-0.08467,20,0,-1.54
-0.08711,20,0,-1.54
-0.08955,20,0,-1.54
-0.09199,20,0,-1.55
-0.09443,20,0,-1.56
-0.09687,20,0,-1.57
-0.09931,20,0,-1.58
-0.10176,20,0,-1.59
-0.1042,20,0,-1.6
-0.10664,20,0,-1.6
-0.10908,20,0,-1.6
-0.11152,20,0,-1.6
-0.11396,20,0,-1.62
-0.1164,20,0,-1.62
-0.11885,20,0,-1.63
-0.12129,20,0,-1.63
-0.12373,20,0,-1.64
-0.12617,20,0,-1.65
-0.12861,20,0,-1.66
-0.13105,20,0,-1.66
-0.13349,20,0,-1.67
-0.13594,20,0,-1.68
-0.13838,20,0,-1.68
-0.14082,20,0,-1.69
-0.14326,20,0,-1.7
-0.1457,20,0,-1.7
-0.14814,20,0,-1.7
-0.15058,20,0,-1.71
-0.15303,20,0,-1.73
-0.15547,20,0,-1.72
-0.15791,20,0,-1.74
-0.16035,20,0,-1.73
-0.16279,20,0,-1.75
-0.16523,20,0,-1.75
-0.16767,20,0,-1.76
-0.17011,20,0,-1.76
-0.17256,20,0,-1.76
-0.175,20,0,-1.78
-0.17744,20,0,-1.79
-0.17988,20,0,-1.79
-0.18232,20,0,-1.79
-0.18476,20,0,-1.81
-0.18721,20,0,-1.82
-0.18965,20,0,-1.83
-0.19209,20,0,-1.84
-0.19453,20,0,-1.85
-0.19697,20,0,-1.86
-0.19941,30,0,-2.1
-0.20185,30,0,-2.15
-0.19941,30,0,-1.94
-0.19697,30,0,-1.8
-0.19453,30,0,-1.69
-0.19208,30,0,-1.6
-0.18964,30,0,-1.51
-0.1872,30,0,-1.43
-0.18476,30,0,-1.36
-0.18232,30,0,-1.29
-0.17988,30,0,-1.22
-0.17744,30,0,-1.16
-0.17499,30,0,-1.1
-0.17255,30,0,-1.04
-0.17011,30,0,-0.98695
-0.16767,30,0,-0.92434
-0.16523,30,0,-0.87378
-0.16279,30,0,-0.82127
-0.16035,30,0,-0.76707
-0.1579,30,0,-0.71557
-0.15546,30,0,-0.67431
-0.15302,30,0,-0.62294
-0.15058,30,0,-0.57005
-0.14814,30,0,-0.52433
-0.1457,30,0,-0.48684
-0.14326,30,0,-0.44024
-0.14082,30,0,-0.39866
-0.13837,30,0,-0.35306
-0.13593,30,0,-0.31871
-0.13349,30,0,-0.27587
-0.13105,30,0,-0.24114
-0.12861,30,0,-0.20045
-0.12617,30,0,-0.16471
-0.12373,30,0,-0.12571
-0.12128,30,0,-0.09186
-0.11884,30,0,-0.05832
-0.1164,30,0,-0.02365
-0.11396,30,0,0.00635
-0.11152,30,0,0.03695
-0.10908,30,0,0.0744
-0.10663,30,0,0.10521
-0.10419,30,0,0.13623
-0.10175,30,0,0.1672
-0.09931,30,0,0.19763
-0.09687,30,0,0.22638
-0.09443,30,0,0.25659
-0.09199,30,0,0.28253
-0.08955,30,0,0.31022
-0.0871,30,0,0.33685
-0.08466,30,0,0.36442
-0.08222,30,0,0.38848
-0.07978,30,0,0.41649
-0.07734,30,0,0.44425
-0.0749,30,0,0.4646
-0.07246,30,0,0.48897
-0.07001,30,0,0.51459
-0.06757,30,0,0.53425
-0.06513,30,0,0.55667
-0.06269,30,0,0.57915
-0.06025,30,0,0.60302
-0.05781,30,0,0.62588
-0.05537,30,0,0.64931
-0.05292,30,0,0.6701
-0.05048,30,0,0.6912
-0.04804,30,0,0.71136
-0.0456,30,0,0.7346
-0.04316,30,0,0.75828
-0.04072,30,0,0.77454
-0.03828,30,0,0.79181
-0.03583,30,0,0.81034
-0.03339,30,0,0.83088
-0.03095,30,0,0.8501
-0.02851,30,0,0.86617
-0.02607,30,0,0.88433
-0.02363,30,0,0.90254
-0.02119,30,0,0.92088
-0.01874,30,0,0.93802
-0.0163,30,0,0.95209
-0.01386,30,0,0.96836
-0.01142,30,0,0.98676
-0.00898,30,0,1.01
-0.00654,30,0,1.02
-0.0041,30,0,1.04
-0.00165,30,0,1.06
7.87E-04,30,1,1.07
3.23E-03,30,1,1.09
0.00567,30,1,1.11
0.00811,30,1,1.13
0.01055,30,1,1.14
0.01299,30,1,1.15
0.01544,30,1,1.17
0.01788,30,1,1.19
0.02032,30,1,1.21
0.02276,30,1,1.22
0.0252,30,1,1.23
0.02764,30,1,1.24
0.03008,30,1,1.26
0.03253,30,1,1.28
0.03497,30,1,1.29
0.03741,30,1,1.3
0.03985,30,1,1.32
0.04229,30,1,1.33
0.04473,30,1,1.34
0.04717,30,1,1.36
0.04962,30,1,1.37
0.05206,30,1,1.39
0.0545,30,1,1.4
0.05694,30,1,1.42
0.05938,30,1,1.44
0.06182,30,1,1.46
0.06426,30,1,1.47
0.0667,30,1,1.48
0.06915,30,1,1.5
0.07159,30,1,1.51
0.07403,30,1,1.53
0.07647,30,1,1.54
0.07891,30,1,1.55
0.08135,30,1,1.56
0.08379,30,1,1.58
0.08624,30,1,1.59
0.08868,30,1,1.6
0.09112,30,1,1.62
0.09356,30,1,1.62
0.096,30,1,1.64
0.09844,30,1,1.66
0.10089,30,1,1.66
0.10333,30,1,1.68
0.10577,30,1,1.7
0.10821,30,1,1.71
0.11065,30,1,1.72
0.11309,30,1,1.74
0.11553,30,1,1.74
0.11797,30,1,1.76
0.12042,30,1,1.77
0.12286,30,1,1.78
0.1253,30,1,1.8
0.12774,30,1,1.81
0.13018,30,1,1.83
0.13262,30,1,1.83
0.13506,30,1,1.85
0.13751,30,1,1.86
0.13995,30,1,1.87
0.14239,30,1,1.88
0.14483,30,1,1.9
0.14727,30,1,1.91
0.14971,30,1,1.93
0.15215,30,1,1.95
0.1546,30,1,1.97
1.57E-01,30,1,1.98
0.15948,30,1,1.99
0.16192,30,1,2.01
0.16436,30,1,2.03
0.1668,30,1,2.05
0.16924,30,1,2.06
0.17169,30,1,2.07
0.17413,30,1,2.09
0.17657,30,1,2.1
0.17901,30,1,2.12
0.18145,30,1,2.14
0.18389,30,1,2.15
0.18633,30,1,2.17
0.18878,30,1,2.18
0.19122,30,1,2.21
0.19366,30,1,2.23
0.1961,30,1,2.24
0.19854,30,1,2.25
0.20098,30,1,2.28
0.20342,30,1,2.3
0.20586,30,1,2.31
0.20831,30,1,2.33
0.21075,30,1,2.35
0.21319,30,1,2.38
0.21563,30,1,2.39
0.21807,30,1,2.4
0.22051,30,1,2.42
2.23E-01,30,1,2.44
2.25E-01,30,1,2.47
0.22784,30,1,2.49
0.23028,30,1,2.5
0.23272,30,1,2.52
0.23516,30,1,2.54
0.2376,30,1,2.57
0.24005,30,1,2.59
0.24249,30,1,2.61
0.24493,30,1,2.63
0.24737,30,1,2.65
0.24981,30,1,2.68
0.25225,30,1,2.69
0.25469,30,1,2.71
0.25714,30,1,2.74
0.25958,30,1,2.76
0.26202,30,1,2.78
0.26446,30,1,2.81
0.2669,30,1,2.83
0.26934,30,1,2.85
0.27178,30,1,2.86
0.27422,30,1,2.89
0.27667,30,1,2.92
0.27911,30,1,2.94
0.28155,30,1,2.96
0.28399,30,1,2.98
0.28643,30,1,3
0.28887,30,1,3.03
0.29131,30,1,3.06
0.29376,30,1,3.07
0.2962,30,1,3.1
0.29864,30,1,3.13
0.30108,30,1,3.15
0.30352,30,1,3.17
0.30596,30,1,3.2
0.3084,30,1,3.23
0.31085,30,1,3.25
0.31329,30,1,3.29
0.31573,30,1,3.32
0.31817,30,1,3.35
0.32061,30,1,3.37
0.32305,30,1,3.39
0.32549,30,1,3.42
0.32793,30,1,3.45
0.33038,30,1,3.48
0.33282,30,1,3.51
0.33526,30,1,3.54
0.3377,30,1,3.57
0.34014,30,1,3.61
0.34258,30,1,3.64
0.34503,30,1,3.67
0.34747,30,1,3.7
0.34991,30,1,3.74
0.35235,30,1,3.77
0.35479,30,1,3.8
0.35723,30,1,3.83
0.35967,30,1,3.87
0.36212,30,1,3.9
0.36456,30,1,3.94
0.367,30,1,3.98
0.36944,30,1,4.01
0.37188,30,1,4.04
0.37432,30,1,4.08
0.37676,30,1,4.12
0.37921,30,1,4.16
0.38165,30,1,4.19
0.38409,30,1,4.23
0.38653,30,1,4.27
0.38897,30,1,4.31
0.39141,30,1,4.35
0.39385,30,1,4.39
0.3963,30,1,4.43
0.39874,30,1,4.47
0.40118,30,1,4.51
0.39874,30,1,4.06
0.3963,30,1,3.74
0.39385,30,1,3.48
0.39141,30,1,3.26
0.38897,30,1,3.06
0.38653,30,1,2.89
0.38409,30,1,2.72
0.38165,30,1,2.58
0.37921,30,1,2.44
0.37676,30,1,2.31
0.37432,30,1,2.21
0.37188,30,1,2.09
0.36944,30,1,1.98
0.367,30,1,1.88
0.36456,30,1,1.78
0.36212,30,1,1.69
0.35967,30,1,1.61
0.35723,30,1,1.52
0.35479,30,1,1.44
0.35235,30,1,1.37
0.34991,30,1,1.29
0.34747,30,1,1.22
0.34503,30,1,1.15
0.34258,30,1,1.09
0.34014,30,1,1.03
0.3377,30,1,0.96421
0.33526,30,1,0.90524
0.33282,30,1,0.84036
0.33038,30,1,0.78779
0.32793,30,1,0.73359
0.32549,30,1,0.67889
0.32305,30,1,0.6284
0.32061,30,1,0.58173
0.31817,30,1,0.52753
0.31573,30,1,0.48093
0.31329,30,1,0.43414
0.31085,30,1,0.38747
0.3084,30,1,0.34382
0.30596,30,1,0.30005
0.30352,30,1,0.2569
0.30108,30,1,0.21646
0.29864,30,1,0.17752
0.2962,30,1,0.14705
0.29376,30,1,0.10158
0.29131,30,1,0.06271
0.28887,30,1,0.027
0.28643,30,1,-0.00789
0.28399,30,1,-0.04205
0.28155,30,1,-0.07562
0.27911,30,1,-0.11277
0.27667,30,1,-0.14511
0.27422,30,1,-0.17708
0.27178,30,1,-0.20893
0.26934,30,1,-0.24215
0.2669,30,1,-0.27198
0.26446,30,1,-0.29899
0.26202,30,1,-0.32844
0.25958,30,1,-0.35796
0.25714,30,1,-0.37825
0.25469,30,1,-0.40896
0.25225,30,1,-0.43477
0.24981,30,1,-0.4609
0.24737,30,1,-0.48514
0.24493,30,1,-0.50951
0.24249,30,1,-0.52791
0.24005,30,1,-0.55404
0.2376,30,1,-0.57627
0.23516,30,1,-0.59612
0.23272,30,1,-0.6186
0.23028,30,1,-0.63883
0.22784,30,1,-0.66024
0.2254,30,1,-0.67896
0.22295,30,1,-0.69749
0.22051,30,1,-0.71733
0.21807,30,1,-0.73416
0.21563,30,1,-0.75577
0.21319,30,1,-0.7709
0.21075,30,1,-0.78874
0.20831,30,1,-0.8094
0.20586,30,1,-0.82473
0.20342,30,1,-0.83691
0.20098,30,1,-0.85393
0.19854,30,1,-0.86989
0.1961,30,1,-0.88653
0.19366,30,1,-0.90141
0.19122,30,1,-0.91448
0.18878,30,1,-0.92974
0.18633,30,1,-0.9428
0.18389,30,1,-0.95794
0.18145,30,1,-0.96767
0.17901,30,1,-0.97823
0.17657,30,1,-0.99543
0.17413,30,1,-1.01
0.17169,30,1,-1.02
0.16924,30,1,-1.03
0.1668,30,1,-1.05
0.16436,30,1,-1.05
0.16192,30,1,-1.07
0.15948,30,1,-1.08
0.15704,30,1,-1.09
0.1546,30,1,-1.1
0.15215,30,1,-1.11
0.14971,30,1,-1.12
0.14727,30,1,-1.14
0.14483,30,1,-1.15
0.14239,30,1,-1.16
0.13995,30,1,-1.17
0.13751,30,1,-1.18
0.13506,30,1,-1.19
0.13262,30,1,-1.2
0.13018,30,1,-1.21
0.12774,30,1,-1.22
0.1253,30,1,-1.23
0.12286,30,1,-1.25
0.12042,30,1,-1.25
0.11797,30,1,-1.26
0.11553,30,1,-1.27
0.11309,30,1,-1.28
0.11065,30,1,-1.29
0.10821,30,1,-1.3
0.10577,30,1,-1.31
0.10333,30,1,-1.32
0.10089,30,1,-1.33
0.09844,30,1,-1.34
0.096,30,1,-1.34
0.09356,30,1,-1.35
0.09112,30,1,-1.36
0.08868,30,1,-1.38
0.08624,30,1,-1.39
0.08379,30,1,-1.41
0.08135,30,1,-1.41
0.07891,30,1,-1.42
0.07647,30,1,-1.42
0.07403,30,1,-1.43
0.07159,30,1,-1.44
0.06915,30,1,-1.45
0.0667,30,1,-1.47
0.06426,30,1,-1.47
0.06182,30,1,-1.48
0.05938,30,1,-1.49
0.05694,30,1,-1.5
0.0545,30,1,-1.51
0.05206,30,1,-1.52
0.04962,30,1,-1.53
0.04717,30,1,-1.53
0.04473,30,1,-1.55
0.04229,30,1,-1.56
0.03985,30,1,-1.56
0.03741,30,1,-1.58
0.03497,30,1,-1.59
0.03253,30,1,-1.6
0.03008,30,1,-1.6
0.02764,30,1,-1.61
0.0252,30,1,-1.62
0.02276,30,1,-1.62
0.02032,30,1,-1.63
0.01788,30,1,-1.64
0.01544,30,1,-1.65
0.01299,30,1,-1.66
0.01055,30,1,-1.67
0.00811,30,1,-1.68
0.00567,30,1,-1.69
0.00323,30,1,-1.69
7.87E-04,30,1,-1.7
-1.65E-03,30,0,-1.72
-0.0041,30,0,-1.73
-0.00654,30,0,-1.73
-0.00898,30,0,-1.75
-0.01142,30,0,-1.76
-0.01386,30,0,-1.77
-0.0163,30,0,-1.78
-0.01874,30,0,-1.79
-0.02119,30,0,-1.79
-0.02363,30,0,-1.79
-0.02607,30,0,-1.81
-0.02851,30,0,-1.82
-0.03095,30,0,-1.83
-0.03339,30,0,-1.84
-0.03583,30,0,-1.85
-0.03828,30,0,-1.86
-0.04072,30,0,-1.87
-0.04316,30,0,-1.87
-0.0456,30,0,-1.88
-0.04804,30,0,-1.89
-0.05048,30,0,-1.89
-0.05292,30,0,-1.91
-0.05537,30,0,-1.91
-0.05781,30,0,-1.92
-0.06025,30,0,-1.93
-0.06269,30,0,-1.93
-0.06513,30,0,-1.94
-0.06757,30,0,-1.95
-0.07001,30,0,-1.95
-0.07246,30,0,-1.97
-0.0749,30,0,-1.99
-0.07734,30,0,-2
-0.07978,30,0,-2.01
-0.08222,30,0,-2.01
-0.08466,30,0,-2.02
-0.0871,30,0,-2.02
-0.08955,30,0,-2.02
-0.09199,30,0,-2.03
-0.09443,30,0,-2.04
-0.09687,30,0,-2.06
-0.09931,30,0,-2.07
-0.10175,30,0,-2.08
-0.10419,30,0,-2.09
-0.10663,30,0,-2.1
-0.10908,30,0,-2.1
-0.11152,30,0,-2.1
-0.11396,30,0,-2.12
-0.1164,30,0,-2.12
-0.11884,30,0,-2.13
-0.12128,30,0,-2.14
-0.12373,30,0,-2.15
-0.12617,30,0,-2.17
-0.12861,30,0,-2.17
-0.13105,30,0,-2.17
-0.13349,30,0,-2.19
-0.13593,30,0,-2.2
-0.13837,30,0,-2.21
-0.14082,30,0,-2.22
-0.14326,30,0,-2.23
-0.1457,30,0,-2.23
-0.14814,30,0,-2.23
-0.15058,30,0,-2.24
-0.15302,30,0,-2.27
-0.15546,30,0,-2.26
-0.1579,30,0,-2.28
-0.16035,30,0,-2.27
-0.16279,30,0,-2.29
-0.16523,30,0,-2.29
-0.16767,30,0,-2.3
-0.17011,30,0,-2.3
-0.17255,30,0,-2.31
-0.17499,30,0,-2.33
-0.17744,30,0,-2.34
-0.17988,30,0,-2.35
-0.18232,30,0,-2.35
-0.18476,30,0,-2.37
-0.1872,30,0,-2.38
-0.18964,30,0,-2.4
-0.19208,30,0,-2.41
-0.19453,30,0,-2.43
-0.19697,30,0,-2.44
-0.1994,40,0,-2.6
-0.20185,40,0,-2.66
-0.1994,40,0,-2.4
-0.19696,40,0,-2.23
-0.19452,40,0,-2.09
-0.19208,40,0,-1.98
-0.18964,40,0,-1.87
-0.1872,40,0,-1.77
-0.18476,40,0,-1.68
-0.18232,40,0,-1.59
-0.17987,40,0,-1.51
-0.17743,40,0,-1.43
-0.17499,40,0,-1.37
-0.17255,40,0,-1.29
-0.17011,40,0,-1.22
-0.16767,40,0,-1.14
-0.16523,40,0,-1.08
-0.16278,40,0,-1.02
-0.16034,40,0,-0.94809
-0.1579,40,0,-0.88433
-0.15546,40,0,-0.83324
-0.15302,40,0,-0.76964
-0.15058,40,0,-0.70416
-0.14813,40,0,-0.64755
-0.14569,40,0,-0.60113
-0.14325,40,0,-0.54344
-0.14081,40,0,-0.49196
-0.13837,40,0,-0.43551
-0.13593,40,0,-0.39297
-0.13349,40,0,-0.33994
-0.13104,40,0,-0.29694
-0.1286,40,0,-0.24655
-0.12616,40,0,-0.20231
-0.12372,40,0,-0.15402
-0.12128,40,0,-0.11211
-0.11884,40,0,-0.07058
-0.1164,40,0,-0.02766
-0.11396,40,0,0.00948
-0.11151,40,0,0.04736
-0.10907,40,0,0.09374
-0.10663,40,0,0.13189
-0.10419,40,0,0.17029
-0.10175,40,0,0.20863
-0.09931,40,0,0.24631
-0.09687,40,0,0.2819
-0.09442,40,0,0.3193
-0.09198,40,0,0.35141
-0.08954,40,0,0.38571
-0.0871,40,0,0.41867
-0.08466,40,0,0.45281
-0.08222,40,0,0.48259
-0.07978,40,0,0.51727
-0.07733,40,0,0.55164
-0.07489,40,0,0.57684
-0.07245,40,0,0.60701
-0.07001,40,0,0.63873
-0.06757,40,0,0.66307
-0.06513,40,0,0.69083
-0.06269,40,0,0.71867
-0.06024,40,0,0.74822
-0.0578,40,0,0.77652
-0.05536,40,0,0.80553
-0.05292,40,0,0.83126
-0.05048,40,0,0.85739
-0.04804,40,0,0.88235
-0.0456,40,0,0.91112
-0.04315,40,0,0.94044
-0.04071,40,0,0.96057
-0.03827,40,0,0.98196
-0.03583,40,0,1
-0.03339,40,0,1.03
-0.03095,40,0,1.05
-0.02851,40,0,1.07
-0.02606,40,0,1.1
-0.02362,40,0,1.12
-0.02118,40,0,1.14
-0.01874,40,0,1.16
-0.0163,40,0,1.18
-0.01386,40,0,1.2
-0.01142,40,0,1.22
-0.00897,40,0,1.25
-0.00653,40,0,1.27
-0.00409,40,0,1.29
-0.00165,40,0,1.31
7.91E-04,40,1,1.33
3.23E-03,40,1,1.35
0.00567,40,1,1.37
0.00812,40,1,1.4
0.01056,40,1,1.42
0.013,40,1,1.43
0.01544,40,1,1.44
0.01788,40,1,1.47
0.02032,40,1,1.5
0.02276,40,1,1.51
0.02521,40,1,1.52
0.02765,40,1,1.54
0.03009,40,1,1.56
0.03253,40,1,1.58
0.03497,40,1,1.6
0.03741,40,1,1.61
0.03985,40,1,1.63
0.04229,40,1,1.65
0.04474,40,1,1.66
0.04718,40,1,1.69
0.04962,40,1,1.7
0.05206,40,1,1.72
0.0545,40,1,1.74
0.05694,40,1,1.77
0.05938,40,1,1.79
0.06183,40,1,1.81
0.06427,40,1,1.82
0.06671,40,1,1.83
0.06915,40,1,1.85
0.07159,40,1,1.87
0.07403,40,1,1.89
0.07647,40,1,1.91
0.07892,40,1,1.91
0.08136,40,1,1.93
0.0838,40,1,1.96
0.08624,40,1,1.97
0.08868,40,1,1.99
0.09112,40,1,2
0.09356,40,1,2.01
0.09601,40,1,2.03
0.09845,40,1,2.05
0.10089,40,1,2.06
0.10333,40,1,2.08
0.10577,40,1,2.11
0.10821,40,1,2.12
0.11065,40,1,2.13
0.1131,40,1,2.15
0.11554,40,1,2.16
0.11798,40,1,2.19
0.12042,40,1,2.19
0.12286,40,1,2.21
0.1253,40,1,2.23
0.12774,40,1,2.25
0.13019,40,1,2.27
0.13263,40,1,2.27
0.13507,40,1,2.29
0.13751,40,1,2.3
0.13995,40,1,2.32
0.14239,40,1,2.33
0.14483,40,1,2.35
0.14727,40,1,2.36
0.14972,40,1,2.39
0.15216,40,1,2.41
0.1546,40,1,2.44
1.57E-01,40,1,2.45
0.15948,40,1,2.47
0.16192,40,1,2.49
0.16437,40,1,2.52
0.16681,40,1,2.54
0.16925,40,1,2.56
0.17169,40,1,2.57
0.17413,40,1,2.59
0.17657,40,1,2.6
0.17901,40,1,2.63
0.18146,40,1,2.65
0.1839,40,1,2.67
0.18634,40,1,2.68
0.18878,40,1,2.7
0.19122,40,1,2.74
0.19366,40,1,2.76
0.1961,40,1,2.78
0.19855,40,1,2.79
0.20099,40,1,2.82
0.20343,40,1,2.84
0.20587,40,1,2.86
0.20831,40,1,2.89
0.21075,40,1,2.91
0.21319,40,1,2.94
0.21563,40,1,2.96
0.21808,40,1,2.98
0.22052,40,1,3
2.23E-01,40,1,3.02
2.25E-01,40,1,3.06
0.22784,40,1,3.08
0.23028,40,1,3.1
0.23272,40,1,3.12
0.23517,40,1,3.15
0.23761,40,1,3.18
0.24005,40,1,3.2
0.24249,40,1,3.23
0.24493,40,1,3.26
0.24737,40,1,3.29
0.24981,40,1,3.32
0.25226,40,1,3.34
0.2547,40,1,3.36
0.25714,40,1,3.4
0.25958,40,1,3.42
0.26202,40,1,3.45
0.26446,40,1,3.47
0.2669,40,1,3.51
0.26935,40,1,3.53
0.27179,40,1,3.55
0.27423,40,1,3.58
0.27667,40,1,3.62
0.27911,40,1,3.64
0.28155,40,1,3.67
0.28399,40,1,3.69
0.28644,40,1,3.72
0.28888,40,1,3.75
0.29132,40,1,3.79
0.29376,40,1,3.8
0.2962,40,1,3.84
0.29864,40,1,3.87
0.30108,40,1,3.9
0.30352,40,1,3.93
0.30597,40,1,3.96
0.30841,40,1,4
0.31085,40,1,4.03
0.31329,40,1,4.07
0.31573,40,1,4.11
0.31817,40,1,4.14
0.32061,40,1,4.18
0.32306,40,1,4.2
0.3255,40,1,4.24
0.32794,40,1,4.28
0.33038,40,1,4.31
0.33282,40,1,4.35
0.33526,40,1,4.39
0.3377,40,1,4.43
0.34015,40,1,4.47
0.34259,40,1,4.51
0.34503,40,1,4.55
0.34747,40,1,4.58
0.34991,40,1,4.63
0.35235,40,1,4.67
0.3548,40,1,4.7
0.35724,40,1,4.75
0.35968,40,1,4.8
0.36212,40,1,4.83
0.36456,40,1,4.88
0.367,40,1,4.92
0.36944,40,1,4.97
0.37189,40,1,5.01
0.37433,40,1,5.06
0.37677,40,1,5.1
0.37921,40,1,5.16
0.38165,40,1,5.19
0.38409,40,1,5.24
0.38653,40,1,5.28
0.38898,40,1,5.34
0.39142,40,1,5.38
0.39386,40,1,5.43
0.3963,40,1,5.49
0.39874,40,1,5.54
0.40118,40,1,5.58
0.39874,40,1,5.03
0.3963,40,1,4.63
0.39386,40,1,4.31
0.39142,40,1,4.04
0.38898,40,1,3.79
0.38653,40,1,3.58
0.38409,40,1,3.37
0.38165,40,1,3.19
0.37921,40,1,3.03
0.37677,40,1,2.86
0.37433,40,1,2.73
0.37189,40,1,2.59
0.36944,40,1,2.46
0.367,40,1,2.33
0.36456,40,1,2.2
0.36212,40,1,2.1
0.35968,40,1,1.99
0.35724,40,1,1.88
0.3548,40,1,1.78
0.35235,40,1,1.69
0.34991,40,1,1.6
0.34747,40,1,1.51
0.34503,40,1,1.43
0.34259,40,1,1.35
0.34015,40,1,1.27
0.3377,40,1,1.2
0.33526,40,1,1.12
0.33282,40,1,1.04
0.33038,40,1,0.97698
0.32794,40,1,0.90988
0.3255,40,1,0.84215
0.32306,40,1,0.77963
0.32061,40,1,0.72186
0.31817,40,1,0.65475
0.31573,40,1,0.59705
0.31329,40,1,0.53912
0.31085,40,1,0.48135
0.30841,40,1,0.4273
0.30597,40,1,0.37311
0.30352,40,1,0.31969
0.30108,40,1,0.26961
0.29864,40,1,0.2214
0.2962,40,1,0.18369
0.29376,40,1,0.12739
0.29132,40,1,0.07926
0.28888,40,1,0.03505
0.28644,40,1,-0.00814
0.28399,40,1,-0.05044
0.28155,40,1,-0.09201
0.27911,40,1,-0.138
0.27667,40,1,-0.17805
0.27423,40,1,-0.21763
0.27179,40,1,-0.25705
0.26935,40,1,-0.29818
0.2669,40,1,-0.33512
0.26446,40,1,-0.36856
0.26202,40,1,-0.40503
0.25958,40,1,-0.44157
0.25714,40,1,-0.46669
0.2547,40,1,-0.50471
0.25226,40,1,-0.53667
0.24981,40,1,-0.56902
0.24737,40,1,-0.59903
0.24493,40,1,-0.6292
0.24249,40,1,-0.65199
0.24005,40,1,-0.68433
0.23761,40,1,-0.71186
0.23517,40,1,-0.73643
0.23272,40,1,-0.76427
0.23028,40,1,-0.78931
0.22784,40,1,-0.81582
0.2254,40,1,-0.839
0.22296,40,1,-0.86194
0.22052,40,1,-0.88651
0.21808,40,1,-0.90735
0.21563,40,1,-0.93409
0.21319,40,1,-0.95283
0.21075,40,1,-0.97492
0.20831,40,1,-1
0.20587,40,1,-1.02
0.20343,40,1,-1.03
0.20099,40,1,-1.06
0.19855,40,1,-1.08
0.1961,40,1,-1.1
0.19366,40,1,-1.11
0.19122,40,1,-1.13
0.18878,40,1,-1.15
0.18634,40,1,-1.17
0.1839,40,1,-1.18
0.18146,40,1,-1.2
0.17901,40,1,-1.21
0.17657,40,1,-1.23
0.17413,40,1,-1.25
0.17169,40,1,-1.26
0.16925,40,1,-1.28
0.16681,40,1,-1.29
0.16437,40,1,-1.3
0.16192,40,1,-1.32
0.15948,40,1,-1.34
0.15704,40,1,-1.35
0.1546,40,1,-1.36
0.15216,40,1,-1.38
0.14972,40,1,-1.39
0.14727,40,1,-1.4
0.14483,40,1,-1.42
0.14239,40,1,-1.44
0.13995,40,1,-1.45
0.13751,40,1,-1.46
0.13507,40,1,-1.47
0.13263,40,1,-1.49
0.13019,40,1,-1.5
0.12774,40,1,-1.51
0.1253,40,1,-1.52
0.12286,40,1,-1.54
0.12042,40,1,-1.54
0.11798,40,1,-1.56
0.11554,40,1,-1.57
0.1131,40,1,-1.58
0.11065,40,1,-1.6
0.10821,40,1,-1.61
0.10577,40,1,-1.62
0.10333,40,1,-1.63
0.10089,40,1,-1.64
0.09845,40,1,-1.66
0.09601,40,1,-1.66
0.09356,40,1,-1.68
0.09112,40,1,-1.69
0.08868,40,1,-1.7
0.08624,40,1,-1.72
0.0838,40,1,-1.74
0.08136,40,1,-1.74
0.07892,40,1,-1.75
0.07647,40,1,-1.76
0.07403,40,1,-1.77
0.07159,40,1,-1.78
0.06915,40,1,-1.8
0.06671,40,1,-1.81
0.06427,40,1,-1.82
0.06183,40,1,-1.83
0.05938,40,1,-1.85
0.05694,40,1,-1.86
0.0545,40,1,-1.87
0.05206,40,1,-1.88
0.04962,40,1,-1.9
0.04718,40,1,-1.9
0.04474,40,1,-1.92
0.04229,40,1,-1.93
0.03985,40,1,-1.94
0.03741,40,1,-1.95
0.03497,40,1,-1.97
0.03253,40,1,-1.98
0.03009,40,1,-1.98
0.02765,40,1,-1.99
0.02521,40,1,-2
0.02276,40,1,-2
0.02032,40,1,-2.01
0.01788,40,1,-2.03
0.01544,40,1,-2.04
0.013,40,1,-2.06
0.01056,40,1,-2.07
0.00812,40,1,-2.08
0.00567,40,1,-2.09
0.00323,40,1,-2.09
7.91E-04,40,1,-2.1
-1.65E-03,40,0,-2.12
-0.00409,40,0,-2.14
-0.00653,40,0,-2.14
-0.00897,40,0,-2.16
-0.01142,40,0,-2.17
-0.01386,40,0,-2.19
-0.0163,40,0,-2.2
-0.01874,40,0,-2.21
-0.02118,40,0,-2.21
-0.02362,40,0,-2.22
-0.02606,40,0,-2.23
-0.02851,40,0,-2.25
-0.03095,40,0,-2.26
-0.03339,40,0,-2.28
-0.03583,40,0,-2.29
-0.03827,40,0,-2.31
-0.04071,40,0,-2.31
-0.04315,40,0,-2.31
-0.0456,40,0,-2.33
-0.04804,40,0,-2.34
-0.05048,40,0,-2.34
-0.05292,40,0,-2.36
-0.05536,40,0,-2.36
-0.0578,40,0,-2.37
-0.06024,40,0,-2.38
-0.06269,40,0,-2.38
-0.06513,40,0,-2.4
-0.06757,40,0,-2.41
-0.07001,40,0,-2.41
-0.07245,40,0,-2.43
-0.07489,40,0,-2.46
-0.07733,40,0,-2.47
-0.07978,40,0,-2.48
-0.08222,40,0,-2.48
-0.08466,40,0,-2.49
-0.0871,40,0,-2.5
-0.08954,40,0,-2.5
-0.09198,40,0,-2.52
-0.09442,40,0,-2.53
-0.09687,40,0,-2.55
-0.09931,40,0,-2.56
-0.10175,40,0,-2.58
-0.10419,40,0,-2.59
-0.10663,40,0,-2.6
-0.10907,40,0,-2.6
-0.11151,40,0,-2.6
-0.11396,40,0,-2.62
-0.1164,40,0,-2.62
-0.11884,40,0,-2.64
-0.12128,40,0,-2.65
-0.12372,40,0,-2.66
-0.12616,40,0,-2.68
-0.1286,40,0,-2.69
-0.13104,40,0,-2.69
-0.13349,40,0,-2.71
-0.13593,40,0,-2.72
-0.13837,40,0,-2.73
-0.14081,40,0,-2.74
-0.14325,40,0,-2.75
-0.14569,40,0,-2.76
-0.14813,40,0,-2.75
-0.15058,40,0,-2.78
-0.15302,40,0,-2.81
-0.15546,40,0,-2.8
-0.1579,40,0,-2.82
-0.16034,40,0,-2.81
-0.16278,40,0,-2.83
-0.16523,40,0,-2.83
-0.16767,40,0,-2.85
-0.17011,40,0,-2.85
-0.17255,40,0,-2.86
-0.17499,40,0,-2.88
-0.17743,40,0,-2.9
-0.17987,40,0,-2.91
-0.18232,40,0,-2.91
-0.18476,40,0,-2.94
-0.1872,40,0,-2.95
-0.18964,40,0,-2.97
-0.19208,40,0,-2.98
-0.19452,40,0,-3.01
-0.19696,40,0,-3.02
-0.1994,50,0,-3.09
-0.20184,50,0,-3.17
-0.1994,50,0,-2.85
-0.19696,50,0,-2.66
-0.19452,50,0,-2.49
-0.19208,50,0,-2.36
-0.18964,50,0,-2.23
-0.18719,50,0,-2.1
-0.18475,50,0,-2
-0.18231,50,0,-1.9
-0.17987,50,0,-1.8
-0.17743,50,0,-1.71
-0.17499,50,0,-1.63
-0.17255,50,0,-1.54
-0.1701,50,0,-1.45
-0.16766,50,0,-1.36
-0.16522,50,0,-1.29
-0.16278,50,0,-1.21
-0.16034,50,0,-1.13
-0.1579,50,0,-1.05
-0.15546,50,0,-0.99217
-0.15301,50,0,-0.91634
-0.15057,50,0,-0.83827
-0.14813,50,0,-0.77078
-0.14569,50,0,-0.71543
-0.14325,50,0,-0.64663
-0.14081,50,0,-0.58526
-0.13836,50,0,-0.51795
-0.13592,50,0,-0.46723
-0.13348,50,0,-0.404
-0.13104,50,0,-0.35274
-0.1286,50,0,-0.29266
-0.12616,50,0,-0.2399
-0.12372,50,0,-0.18233
-0.12127,50,0,-0.13236
-0.11883,50,0,-0.08285
-0.11639,50,0,-0.03167
-0.11395,50,0,0.01261
-0.11151,50,0,0.05778
-0.10907,50,0,0.11307
-0.10663,50,0,0.15856
-0.10419,50,0,0.20435
-0.10174,50,0,0.25006
-0.0993,50,0,0.29498
-0.09686,50,0,0.33742
-0.09442,50,0,0.38201
-0.09198,50,0,0.4203
-0.08954,50,0,0.46119
-0.0871,50,0,0.5005
-0.08465,50,0,0.5412
-0.08221,50,0,0.57671
-0.07977,50,0,0.61806
-0.07733,50,0,0.65903
-0.07489,50,0,0.68907
-0.07245,50,0,0.72505
-0.07001,50,0,0.76287
-0.06756,50,0,0.79189
-0.06512,50,0,0.82499
-0.06268,50,0,0.85818
-0.06024,50,0,0.89341
-0.0578,50,0,0.92716
-0.05536,50,0,0.96174
-0.05292,50,0,0.99243
-0.05047,50,0,1.02
-0.04803,50,0,1.05
-0.04559,50,0,1.09
-0.04315,50,0,1.12
-0.04071,50,0,1.15
-0.03827,50,0,1.17
-0.03583,50,0,1.2
-0.03338,50,0,1.23
-0.03094,50,0,1.26
-0.0285,50,0,1.28
-0.02606,50,0,1.31
-0.02362,50,0,1.34
-0.02118,50,0,1.36
-0.01874,50,0,1.39
-0.01629,50,0,1.41
-0.01385,50,0,1.43
-0.01141,50,0,1.46
-0.00897,50,0,1.49
-0.00653,50,0,1.51
-0.00409,50,0,1.54
-0.00165,50,0,1.57
7.95E-04,50,1,1.59
3.24E-03,50,1,1.61
0.00568,50,1,1.64
0.00812,50,1,1.68
0.01056,50,1,1.69
0.013,50,1,1.71
0.01544,50,1,1.72
0.01788,50,1,1.76
0.02033,50,1,1.79
0.02277,50,1,1.8
0.02521,50,1,1.81
0.02765,50,1,1.84
0.03009,50,1,1.86
0.03253,50,1,1.89
0.03497,50,1,1.91
0.03742,50,1,1.92
0.03986,50,1,1.95
0.0423,50,1,1.96
0.04474,50,1,1.98
0.04718,50,1,2.01
0.04962,50,1,2.03
0.05206,50,1,2.05
0.05451,50,1,2.08
0.05695,50,1,2.11
0.05939,50,1,2.13
0.06183,50,1,2.16
0.06427,50,1,2.17
0.06671,50,1,2.19
0.06915,50,1,2.21
0.0716,50,1,2.24
0.07404,50,1,2.26
0.07648,50,1,2.28
0.07892,50,1,2.28
0.08136,50,1,2.3
0.0838,50,1,2.33
0.08624,50,1,2.36
0.08869,50,1,2.37
0.09113,50,1,2.39
0.09357,50,1,2.4
0.09601,50,1,2.42
0.09845,50,1,2.45
0.10089,50,1,2.46
0.10333,50,1,2.48
0.10577,50,1,2.52
0.10822,50,1,2.52
0.11066,50,1,2.55
0.1131,50,1,2.57
0.11554,50,1,2.58
0.11798,50,1,2.61
0.12042,50,1,2.62
0.12287,50,1,2.64
0.12531,50,1,2.66
0.12775,50,1,2.68
0.13019,50,1,2.7
0.13263,50,1,2.71
0.13507,50,1,2.73
0.13751,50,1,2.75
0.13996,50,1,2.77
0.1424,50,1,2.78
0.14484,50,1,2.8
0.14728,50,1,2.82
0.14972,50,1,2.85
0.15216,50,1,2.88
0.1546,50,1,2.91
1.57E-01,50,1,2.93
0.15949,50,1,2.95
0.16193,50,1,2.97
0.16437,50,1,3
0.16681,50,1,3.03
0.16925,50,1,3.05
0.17169,50,1,3.07
0.17414,50,1,3.09
0.17658,50,1,3.11
0.17902,50,1,3.13
0.18146,50,1,3.16
0.1839,50,1,3.18
0.18634,50,1,3.2
0.18878,50,1,3.22
0.19123,50,1,3.26
0.19367,50,1,3.29
0.19611,50,1,3.32
0.19855,50,1,3.33
0.20099,50,1,3.36
0.20343,50,1,3.39
0.20587,50,1,3.41
0.20831,50,1,3.45
0.21076,50,1,3.47
0.2132,50,1,3.51
0.21564,50,1,3.53
0.21808,50,1,3.55
0.22052,50,1,3.58
2.23E-01,50,1,3.61
2.25E-01,50,1,3.65
0.22785,50,1,3.68
0.23029,50,1,3.7
0.23273,50,1,3.73
0.23517,50,1,3.75
0.23761,50,1,3.79
0.24005,50,1,3.82
0.24249,50,1,3.85
0.24494,50,1,3.88
0.24738,50,1,3.92
0.24982,50,1,3.96
0.25226,50,1,3.98
0.2547,50,1,4.01
0.25714,50,1,4.05
0.25958,50,1,4.08
0.26203,50,1,4.11
0.26447,50,1,4.14
0.26691,50,1,4.18
0.26935,50,1,4.21
0.27179,50,1,4.23
0.27423,50,1,4.27
0.27667,50,1,4.31
0.27912,50,1,4.35
0.28156,50,1,4.38
0.284,50,1,4.4
0.28644,50,1,4.43
0.28888,50,1,4.47
0.29132,50,1,4.52
0.29376,50,1,4.53
0.29621,50,1,4.58
0.29865,50,1,4.62
0.30109,50,1,4.65
0.30353,50,1,4.68
0.30597,50,1,4.72
0.30841,50,1,4.77
0.31085,50,1,4.81
0.31329,50,1,4.85
0.31574,50,1,4.9
0.31818,50,1,4.94
0.32062,50,1,4.98
0.32306,50,1,5.01
0.3255,50,1,5.05
0.32794,50,1,5.1
0.33038,50,1,5.14
0.33283,50,1,5.18
0.33527,50,1,5.23
0.33771,50,1,5.28
0.34015,50,1,5.33
0.34259,50,1,5.38
0.34503,50,1,5.42
0.34747,50,1,5.47
0.34992,50,1,5.52
0.35236,50,1,5.57
0.3548,50,1,5.61
0.35724,50,1,5.66
0.35968,50,1,5.72
0.36212,50,1,5.77
0.36456,50,1,5.82
0.36701,50,1,5.87
0.36945,50,1,5.92
0.37189,50,1,5.97
0.37433,50,1,6.03
0.37677,50,1,6.08
0.37921,50,1,6.15
0.38165,50,1,6.19
0.3841,50,1,6.24
0.38654,50,1,6.3
0.38898,50,1,6.37
0.39142,50,1,6.42
0.39386,50,1,6.48
0.3963,50,1,6.55
0.39874,50,1,6.61
0.40119,50,1,6.65
0.39874,50,1,6
0.3963,50,1,5.53
0.39386,50,1,5.14
0.39142,50,1,4.82
0.38898,50,1,4.52
0.38654,50,1,4.26
0.3841,50,1,4.02
0.38165,50,1,3.81
0.37921,50,1,3.61
0.37677,50,1,3.41
0.37433,50,1,3.26
0.37189,50,1,3.09
0.36945,50,1,2.93
0.36701,50,1,2.78
0.36456,50,1,2.63
0.36212,50,1,2.5
0.35968,50,1,2.38
0.35724,50,1,2.25
0.3548,50,1,2.13
0.35236,50,1,2.02
0.34992,50,1,1.9
0.34747,50,1,1.8
0.34503,50,1,1.7
0.34259,50,1,1.61
0.34015,50,1,1.52
0.33771,50,1,1.43
0.33527,50,1,1.34
0.33283,50,1,1.24
0.33038,50,1,1.17
0.32794,50,1,1.09
0.3255,50,1,1.01
0.32306,50,1,0.93087
0.32062,50,1,0.86198
0.31818,50,1,0.78197
0.31574,50,1,0.71318
0.31329,50,1,0.64411
0.31085,50,1,0.57522
0.30841,50,1,0.51079
0.30597,50,1,0.44617
0.30353,50,1,0.38247
0.30109,50,1,0.32277
0.29865,50,1,0.26528
0.29621,50,1,0.22032
0.29376,50,1,0.1532
0.29132,50,1,0.09581
0.28888,50,1,0.0431
0.28644,50,1,-0.0084
0.284,50,1,-0.05884
0.28156,50,1,-0.10839
0.27912,50,1,-0.16323
0.27667,50,1,-0.21098
0.27423,50,1,-0.25817
0.27179,50,1,-0.30517
0.26935,50,1,-0.35422
0.26691,50,1,-0.39826
0.26447,50,1,-0.43812
0.26203,50,1,-0.48161
0.25958,50,1,-0.52518
0.25714,50,1,-0.55513
0.2547,50,1,-0.60046
0.25226,50,1,-0.63857
0.24982,50,1,-0.67714
0.24738,50,1,-0.71292
0.24494,50,1,-0.7489
0.24249,50,1,-0.77606
0.24005,50,1,-0.81463
0.23761,50,1,-0.84745
0.23517,50,1,-0.87675
0.23273,50,1,-0.90994
0.23029,50,1,-0.93979
0.22785,50,1,-0.9714
0.2254,50,1,-0.99903
0.22296,50,1,-1.03
0.22052,50,1,-1.06
0.21808,50,1,-1.08
0.21564,50,1,-1.11
0.2132,50,1,-1.13
0.21076,50,1,-1.16
0.20831,50,1,-1.19
0.20587,50,1,-1.21
0.20343,50,1,-1.23
0.20099,50,1,-1.26
0.19855,50,1,-1.28
0.19611,50,1,-1.31
0.19367,50,1,-1.33
0.19123,50,1,-1.35
0.18878,50,1,-1.37
0.18634,50,1,-1.39
0.1839,50,1,-1.41
0.18146,50,1,-1.43
0.17902,50,1,-1.44
0.17658,50,1,-1.47
0.17414,50,1,-1.49
0.17169,50,1,-1.51
0.16925,50,1,-1.52
0.16681,50,1,-1.54
0.16437,50,1,-1.55
0.16193,50,1,-1.58
0.15949,50,1,-1.59
0.15704,50,1,-1.61
0.1546,50,1,-1.62
0.15216,50,1,-1.64
0.14972,50,1,-1.66
0.14728,50,1,-1.67
0.14484,50,1,-1.69
0.1424,50,1,-1.71
0.13996,50,1,-1.72
0.13751,50,1,-1.74
0.13507,50,1,-1.76
0.13263,50,1,-1.77
0.13019,50,1,-1.79
0.12775,50,1,-1.8
0.12531,50,1,-1.81
0.12287,50,1,-1.83
0.12042,50,1,-1.84
0.11798,50,1,-1.85
0.11554,50,1,-1.87
0.1131,50,1,-1.88
0.11066,50,1,-1.9
0.10822,50,1,-1.92
0.10577,50,1,-1.93
0.10333,50,1,-1.94
0.10089,50,1,-1.95
0.09845,50,1,-1.98
0.09601,50,1,-1.98
0.09357,50,1,-2
0.09113,50,1,-2.01
0.08869,50,1,-2.03
0.08624,50,1,-2.05
0.0838,50,1,-2.07
0.08136,50,1,-2.08
0.07892,50,1,-2.09
0.07648,50,1,-2.1
0.07404,50,1,-2.1
0.0716,50,1,-2.12
0.06915,50,1,-2.14
0.06671,50,1,-2.16
0.06427,50,1,-2.17
0.06183,50,1,-2.17
0.05939,50,1,-2.2
0.05695,50,1,-2.21
0.05451,50,1,-2.22
0.05206,50,1,-2.24
0.04962,50,1,-2.26
0.04718,50,1,-2.26
0.04474,50,1,-2.29
0.0423,50,1,-2.3
0.03986,50,1,-2.31
0.03742,50,1,-2.33
0.03497,50,1,-2.34
0.03253,50,1,-2.36
0.03009,50,1,-2.36
0.02765,50,1,-2.37
0.02521,50,1,-2.38
0.02277,50,1,-2.38
0.02033,50,1,-2.4
0.01788,50,1,-2.41
0.01544,50,1,-2.43
0.013,50,1,-2.45
0.01056,50,1,-2.47
0.00812,50,1,-2.48
0.00568,50,1,-2.48
0.00324,50,1,-2.49
7.95E-04,50,1,-2.5
-1.65E-03,50,0,-2.53
-0.00409,50,0,-2.55
-0.00653,50,0,-2.56
-0.00897,50,0,-2.58
-0.01141,50,0,-2.59
-0.01385,50,0,-2.61
-0.01629,50,0,-2.62
-0.01874,50,0,-2.63
-0.02118,50,0,-2.64
-0.02362,50,0,-2.65
-0.02606,50,0,-2.66
-0.0285,50,0,-2.68
-0.03094,50,0,-2.7
-0.03338,50,0,-2.72
-0.03583,50,0,-2.73
-0.03827,50,0,-2.75
-0.04071,50,0,-2.75
-0.04315,50,0,-2.76
-0.04559,50,0,-2.77
-0.04803,50,0,-2.79
-0.05047,50,0,-2.79
-0.05292,50,0,-2.81
-0.05536,50,0,-2.81
-0.0578,50,0,-2.83
-0.06024,50,0,-2.84
-0.06268,50,0,-2.84
-0.06512,50,0,-2.86
-0.06756,50,0,-2.87
-0.07001,50,0,-2.88
-0.07245,50,0,-2.9
-0.07489,50,0,-2.93
-0.07733,50,0,-2.94
-0.07977,50,0,-2.96
-0.08221,50,0,-2.96
-0.08465,50,0,-2.97
-0.0871,50,0,-2.98
-0.08954,50,0,-2.98
-0.09198,50,0,-3
-0.09442,50,0,-3.01
-0.09686,50,0,-3.04
-0.0993,50,0,-3.05
-0.10174,50,0,-3.07
-0.10419,50,0,-3.09
-0.10663,50,0,-3.1
-0.10907,50,0,-3.1
-0.11151,50,0,-3.1
-0.11395,50,0,-3.13
-0.11639,50,0,-3.13
-0.11883,50,0,-3.14
-0.12127,50,0,-3.16
-0.12372,50,0,-3.17
-0.12616,50,0,-3.19
-0.1286,50,0,-3.2
-0.13104,50,0,-3.2
-0.13348,50,0,-3.24
-0.13592,50,0,-3.24
-0.13836,50,0,-3.26
-0.14081,50,0,-3.27
-0.14325,50,0,-3.28
-0.14569,50,0,-3.29
-0.14813,50,0,-3.28
-0.15057,50,0,-3.31
-0.15301,50,0,-3.35
-0.15546,50,0,-3.33
-0.1579,50,0,-3.36
-0.16034,50,0,-3.35
-0.16278,50,0,-3.38
-0.16522,50,0,-3.37
-0.16766,50,0,-3.39
-0.1701,50,0,-3.4
-0.17255,50,0,-3.41
-0.17499,50,0,-3.43
-0.17743,50,0,-3.45
-0.17987,50,0,-3.47
-0.18231,50,0,-3.47
-0.18475,50,0,-3.5
-0.18719,50,0,-3.51
-0.18964,50,0,-3.54
-0.19208,50,0,-3.55
-0.19452,50,0,-3.58
-0.19696,50,0,-3.6
-0.1994,100,0,-5.7
-0.20183,100,0,-5.84
-0.19939,100,0,-5.26
-0.19695,100,0,-4.9
-0.19451,100,0,-4.59
-0.19207,100,0,-4.35
-0.18963,100,0,-4.11
-0.18719,100,0,-3.88
-0.18474,100,0,-3.69
-0.1823,100,0,-3.5
-0.17986,100,0,-3.32
-0.17742,100,0,-3.15
-0.17498,100,0,-3
-0.17254,100,0,-2.84
-0.1701,100,0,-2.68
-0.16766,100,0,-2.51
-0.16521,100,0,-2.37
-0.16277,100,0,-2.23
-0.16033,100,0,-2.08
-0.15789,100,0,-1.94
-0.15545,100,0,-1.83
-0.15301,100,0,-1.69
-0.15057,100,0,-1.55
-0.14812,100,0,-1.43
-0.14568,100,0,-1.32
-0.14324,100,0,-1.2
-0.1408,100,0,-1.08
-0.13836,100,0,-0.96046
-0.13592,100,0,-0.86721
-0.13348,100,0,-0.75094
-0.13103,100,0,-0.65667
-0.12859,100,0,-0.54621
-0.12615,100,0,-0.44921
-0.12371,100,0,-0.34335
-0.12127,100,0,-0.25147
-0.11883,100,0,-0.16043
-0.11639,100,0,-0.06633
-0.11394,100,0,0.01508
-0.1115,100,0,0.09814
-0.10906,100,0,0.19981
-0.10662,100,0,0.28344
-0.10418,100,0,0.36763
-0.10174,100,0,0.45169
-0.0993,100,0,0.53429
-0.09685,100,0,0.61231
-0.09441,100,0,0.69431
-0.09197,100,0,0.76471
-0.08953,100,0,0.83989
-0.08709,100,0,0.91217
-0.08465,100,0,0.98701
-0.08221,100,0,1.05
-0.07976,100,0,1.13
-0.07732,100,0,1.2
-0.07488,100,0,1.26
-0.07244,100,0,1.33
-0.07,100,0,1.39
-0.06756,100,0,1.45
-0.06512,100,0,1.51
-0.06267,100,0,1.57
-0.06023,100,0,1.63
-0.05779,100,0,1.7
-0.05535,100,0,1.76
-0.05291,100,0,1.82
-0.05047,100,0,1.87
-0.04803,100,0,1.93
-0.04558,100,0,1.99
-0.04314,100,0,2.06
-0.0407,100,0,2.1
-0.03826,100,0,2.15
-0.03582,100,0,2.2
-0.03338,100,0,2.25
-0.03094,100,0,2.31
-0.02849,100,0,2.35
-0.02605,100,0,2.4
-0.02361,100,0,2.45
-0.02117,100,0,2.5
-0.01873,100,0,2.54
-0.01629,100,0,2.58
-0.01385,100,0,2.63
-0.01141,100,0,2.68
-0.00896,100,0,2.73
-0.00652,100,0,2.77
-0.00408,100,0,2.83
-0.00164,100,0,2.87
8.02E-04,100,1,2.91
3.24E-03,100,1,2.95
0.00568,100,1,3
0.00813,100,1,3.07
0.01057,100,1,3.1
0.01301,100,1,3.13
0.01545,100,1,3.16
0.01789,100,1,3.22
0.02033,100,1,3.28
0.02277,100,1,3.31
0.02522,100,1,3.33
0.02766,100,1,3.37
0.0301,100,1,3.42
0.03254,100,1,3.47
0.03498,100,1,3.5
0.03742,100,1,3.52
0.03986,100,1,3.57
0.04231,100,1,3.6
0.04475,100,1,3.64
0.04719,100,1,3.69
0.04963,100,1,3.72
0.05207,100,1,3.76
0.05451,100,1,3.81
0.05695,100,1,3.87
0.0594,100,1,3.91
0.06184,100,1,3.96
0.06428,100,1,3.99
0.06672,100,1,4.01
0.06916,100,1,4.06
0.0716,100,1,4.1
0.07404,100,1,4.15
0.07649,100,1,4.18
0.07893,100,1,4.19
0.08137,100,1,4.23
0.08381,100,1,4.28
0.08625,100,1,4.32
0.08869,100,1,4.35
0.09113,100,1,4.38
0.09358,100,1,4.4
0.09602,100,1,4.44
0.09846,100,1,4.49
0.1009,100,1,4.51
0.10334,100,1,4.55
0.10578,100,1,4.62
0.10822,100,1,4.63
0.11067,100,1,4.67
0.11311,100,1,4.72
0.11555,100,1,4.73
0.11799,100,1,4.79
0.12043,100,1,4.8
0.12287,100,1,4.84
0.12531,100,1,4.89
0.12776,100,1,4.92
0.1302,100,1,4.96
0.13264,100,1,4.97
0.13508,100,1,5.02
0.13752,100,1,5.04
0.13996,100,1,5.08
0.1424,100,1,5.1
0.14485,100,1,5.15
0.14729,100,1,5.18
0.14973,100,1,5.24
0.15217,100,1,5.29
0.15461,100,1,5.33
1.57E-01,100,1,5.37
0.15949,100,1,5.41
0.16194,100,1,5.46
0.16438,100,1,5.51
0.16682,100,1,5.56
0.16926,100,1,5.6
0.1717,100,1,5.63
0.17414,100,1,5.67
0.17658,100,1,5.7
0.17902,100,1,5.75
0.18147,100,1,5.79
0.18391,100,1,5.84
0.18635,100,1,5.88
0.18879,100,1,5.92
0.19123,100,1,5.99
0.19367,100,1,6.05
0.19611,100,1,6.09
0.19856,100,1,6.12
0.201,100,1,6.17
0.20344,100,1,6.23
0.20588,100,1,6.26
0.20832,100,1,6.33
0.21076,100,1,6.38
0.2132,100,1,6.45
0.21565,100,1,6.48
0.21809,100,1,6.52
0.22053,100,1,6.58
2.23E-01,100,1,6.62
2.25E-01,100,1,6.7
0.22785,100,1,6.75
0.23029,100,1,6.79
0.23274,100,1,6.84
0.23518,100,1,6.9
0.23762,100,1,6.96
0.24006,100,1,7.02
0.2425,100,1,7.07
0.24494,100,1,7.13
0.24738,100,1,7.2
0.24982,100,1,7.27
0.25227,100,1,7.31
0.25471,100,1,7.36
0.25715,100,1,7.44
0.25959,100,1,7.49
0.26203,100,1,7.55
0.26447,100,1,7.61
0.26692,100,1,7.68
0.26936,100,1,7.73
0.2718,100,1,7.77
0.27424,100,1,7.84
0.27668,100,1,7.92
0.27912,100,1,7.98
0.28156,100,1,8.05
0.28401,100,1,8.08
0.28645,100,1,8.15
0.28889,100,1,8.21
0.29133,100,1,8.3
0.29377,100,1,8.33
0.29621,100,1,8.41
0.29865,100,1,8.48
0.3011,100,1,8.54
0.30354,100,1,8.6
0.30598,100,1,8.68
0.30842,100,1,8.76
0.31086,100,1,8.83
0.3133,100,1,8.92
0.31574,100,1,9
0.31819,100,1,9.08
0.32063,100,1,9.16
0.32307,100,1,9.21
0.32551,100,1,9.28
0.32795,100,1,9.37
0.33039,100,1,9.45
0.33283,100,1,9.52
0.33527,100,1,9.61
0.33772,100,1,9.7
0.34016,100,1,9.79
0.3426,100,1,9.88
0.34504,100,1,9.96
0.34748,100,1,10.04
0.34992,100,1,10.14
0.35236,100,1,10.24
0.35481,100,1,10.31
0.35725,100,1,10.41
0.35969,100,1,10.51
0.36213,100,1,10.59
0.36457,100,1,10.69
0.36701,100,1,10.79
0.36945,100,1,10.89
0.3719,100,1,10.97
0.37434,100,1,11.08
0.37678,100,1,11.17
0.37922,100,1,11.3
0.38166,100,1,11.37
0.3841,100,1,11.47
0.38654,100,1,11.58
0.38899,100,1,11.7
0.39143,100,1,11.8
0.39387,100,1,11.9
0.39631,100,1,12.03
0.39875,100,1,12.14
0.40119,100,1,12.23
0.39875,100,1,11.03
0.39631,100,1,10.15
0.39387,100,1,9.45
0.39143,100,1,8.85
0.38899,100,1,8.31
0.38654,100,1,7.83
0.3841,100,1,7.38
0.38166,100,1,6.99
0.37922,100,1,6.63
0.37678,100,1,6.27
0.37434,100,1,5.98
0.3719,100,1,5.67
0.36945,100,1,5.38
0.36701,100,1,5.1
0.36457,100,1,4.83
0.36213,100,1,4.59
0.35969,100,1,4.37
0.35725,100,1,4.12
0.35481,100,1,3.9
0.35236,100,1,3.7
0.34992,100,1,3.49
0.34748,100,1,3.31
0.34504,100,1,3.12
0.3426,100,1,2.95
0.34016,100,1,2.79
0.33772,100,1,2.62
0.33527,100,1,2.45
0.33283,100,1,2.28
0.33039,100,1,2.14
0.32795,100,1,1.99
0.32551,100,1,1.84
0.32307,100,1,1.7
0.32063,100,1,1.58
0.31819,100,1,1.43
0.31574,100,1,1.3
0.3133,100,1,1.18
0.31086,100,1,1.05
0.30842,100,1,0.93109
0.30598,100,1,0.81228
0.30354,100,1,0.69516
0.3011,100,1,0.58538
0.29865,100,1,0.47968
0.29621,100,1,0.39701
0.29377,100,1,0.27359
0.29133,100,1,0.16806
0.28889,100,1,0.07115
0.28645,100,1,-0.02355
0.28401,100,1,-0.11628
0.28156,100,1,-0.2074
0.27912,100,1,-0.30823
0.27668,100,1,-0.39603
0.27424,100,1,-0.48279
0.2718,100,1,-0.56922
0.26936,100,1,-0.65941
0.26692,100,1,-0.74038
0.26447,100,1,-0.81368
0.26203,100,1,-0.89363
0.25959,100,1,-0.97375
0.25715,100,1,-1.03
0.25471,100,1,-1.11
0.25227,100,1,-1.18
0.24982,100,1,-1.25
0.24738,100,1,-1.32
0.24494,100,1,-1.39
0.2425,100,1,-1.44
0.24006,100,1,-1.51
0.23762,100,1,-1.57
0.23518,100,1,-1.62
0.23274,100,1,-1.68
0.23029,100,1,-1.74
0.22785,100,1,-1.79
0.22541,100,1,-1.85
0.22297,100,1,-1.9
0.22053,100,1,-1.95
0.21809,100,1,-1.99
0.21565,100,1,-2.05
0.2132,100,1,-2.09
0.21076,100,1,-2.14
0.20832,100,1,-2.2
0.20588,100,1,-2.24
0.20344,100,1,-2.27
0.201,100,1,-2.32
0.19856,100,1,-2.36
0.19611,100,1,-2.41
0.19367,100,1,-2.45
0.19123,100,1,-2.48
0.18879,100,1,-2.53
0.18635,100,1,-2.56
0.18391,100,1,-2.6
0.18147,100,1,-2.63
0.17902,100,1,-2.66
0.17658,100,1,-2.7
0.17414,100,1,-2.74
0.1717,100,1,-2.78
0.16926,100,1,-2.81
0.16682,100,1,-2.84
0.16438,100,1,-2.86
0.16194,100,1,-2.91
0.15949,100,1,-2.94
0.15705,100,1,-2.97
0.15461,100,1,-2.99
0.15217,100,1,-3.03
0.14973,100,1,-3.06
0.14729,100,1,-3.08
0.14485,100,1,-3.12
0.1424,100,1,-3.15
0.13996,100,1,-3.18
0.13752,100,1,-3.21
0.13508,100,1,-3.24
0.13264,100,1,-3.27
0.1302,100,1,-3.3
0.12776,100,1,-3.31
0.12531,100,1,-3.33
0.12287,100,1,-3.38
0.12043,100,1,-3.39
0.11799,100,1,-3.42
0.11555,100,1,-3.44
0.11311,100,1,-3.47
0.11067,100,1,-3.5
0.10822,100,1,-3.53
0.10578,100,1,-3.55
0.10334,100,1,-3.58
0.1009,100,1,-3.6
0.09846,100,1,-3.64
0.09602,100,1,-3.65
0.09358,100,1,-3.68
0.09113,100,1,-3.7
0.08869,100,1,-3.74
0.08625,100,1,-3.77
0.08381,100,1,-3.82
0.08137,100,1,-3.83
0.07893,100,1,-3.84
0.07649,100,1,-3.87
0.07404,100,1,-3.88
0.0716,100,1,-3.92
0.06916,100,1,-3.95
0.06672,100,1,-3.98
0.06428,100,1,-3.99
0.06184,100,1,-4.01
0.0594,100,1,-4.06
0.05695,100,1,-4.08
0.05451,100,1,-4.1
0.05207,100,1,-4.13
0.04963,100,1,-4.16
0.04719,100,1,-4.16
0.04475,100,1,-4.21
0.04231,100,1,-4.24
0.03986,100,1,-4.25
0.03742,100,1,-4.29
0.03498,100,1,-4.31
0.03254,100,1,-4.34
0.0301,100,1,-4.35
0.02766,100,1,-4.37
0.02522,100,1,-4.39
0.02277,100,1,-4.39
0.02033,100,1,-4.42
0.01789,100,1,-4.45
0.01545,100,1,-4.47
0.01301,100,1,-4.52
0.01057,100,1,-4.55
0.00813,100,1,-4.56
0.00568,100,1,-4.58
0.00324,100,1,-4.59
8.02E-04,100,1,-4.61
-1.64E-03,100,0,-4.66
-0.00408,100,0,-4.69
-0.00652,100,0,-4.71
-0.00896,100,0,-4.75
-0.01141,100,0,-4.77
-0.01385,100,0,-4.81
-0.01629,100,0,-4.83
-0.01873,100,0,-4.85
-0.02117,100,0,-4.86
-0.02361,100,0,-4.87
-0.02605,100,0,-4.9
-0.02849,100,0,-4.94
-0.03094,100,0,-4.97
-0.03338,100,0,-5
-0.03582,100,0,-5.03
-0.03826,100,0,-5.06
-0.0407,100,0,-5.07
-0.04314,100,0,-5.08
-0.04558,100,0,-5.11
-0.04803,100,0,-5.13
-0.05047,100,0,-5.14
-0.05291,100,0,-5.18
-0.05535,100,0,-5.18
-0.05779,100,0,-5.2
-0.06023,100,0,-5.23
-0.06267,100,0,-5.23
-0.06512,100,0,-5.26
-0.06756,100,0,-5.29
-0.07,100,0,-5.3
-0.07244,100,0,-5.34
-0.07488,100,0,-5.4
-0.07732,100,0,-5.42
-0.07976,100,0,-5.44
-0.08221,100,0,-5.44
-0.08465,100,0,-5.48
-0.08709,100,0,-5.49
-0.08953,100,0,-5.49
-0.09197,100,0,-5.52
-0.09441,100,0,-5.54
-0.09685,100,0,-5.59
-0.0993,100,0,-5.61
-0.10174,100,0,-5.66
-0.10418,100,0,-5.69
-0.10662,100,0,-5.71
-0.10906,100,0,-5.7
-0.1115,100,0,-5.71
-0.11394,100,0,-5.75
-0.11639,100,0,-5.76
-0.11883,100,0,-5.79
-0.12127,100,0,-5.82
-0.12371,100,0,-5.84
-0.12615,100,0,-5.88
-0.12859,100,0,-5.9
-0.13103,100,0,-5.9
-0.13348,100,0,-5.96
-0.13592,100,0,-5.97
-0.13836,100,0,-5.99
-0.1408,100,0,-6.02
-0.14324,100,0,-6.04
-0.14568,100,0,-6.06
-0.14812,100,0,-6.04
-0.15057,100,0,-6.09
-0.15301,100,0,-6.17
-0.15545,100,0,-6.14
-0.15789,100,0,-6.19
-0.16033,100,0,-6.17
-0.16277,100,0,-6.21
-0.16521,100,0,-6.21
-0.16766,100,0,-6.25
-0.1701,100,0,-6.25
-0.17254,100,0,-6.27
-0.17498,100,0,-6.32
-0.17742,100,0,-6.36
-0.17986,100,0,-6.38
-0.1823,100,0,-6.38
-0.18474,100,0,-6.45
-0.18719,100,0,-6.47
-0.18963,100,0,-6.52
-0.19207,100,0,-6.54
-0.19451,100,0,-6.6
-0.19696,100,0,-6.63
